Subjects,Before_walking,After_waking,Before_armmovement,After_armmovement,Before_typing,After_typing,Before_writing,After_writing
Subject 1,1.323824401,1.027218994,2.102737602,1.255908502,1.634151322,1.581991414,1.767126426,0.859670475
Subject 2,2.095585512,1.439510322,1.716585958,1.080546405,1.239138414,0.804028287,2.065729468,1.164598022
Subject 3,0,0,5.40180998,2.21065837,4.830477852,2.150734681,4.49143591,2.093881814
Subject 4,0.166530286,0.364424085,1.08601969,0.270675999,1.135755139,0.246120733,0.957179532,0.094038932
Subject 5,8.247624306,9.332367507,11.97004478,8.760362172,8.324166034,11.09544033,10.88676573,11.79248362
Subject 6,6.465232711,5.717697155,9.425144189,4.740909509,6.886640741,4.018386229,8.747294761,5.24078929
Subject 7,1.041968811,0.373326828,0.635480166,0.242081982,0.424852532,0.201828017,0.424852532,0.201828017
Subject 8,8.87129011,2.950619001,8.008444402,2.946612533,6.493713932,3.224406341,6.236022757,2.678103467
